image_name,ctr,black_x,text,girl,headwear,poster,fun,skyblue
imgcontent.30secstomars-walkonwater_imgtemp.achalf,0.006590016825574874,0.01956947147846222,0.9065129160881042,0.0,0.0,0.7106531262397766,0.0,0.0
imgcontent.3lau-awalkobalt_imgtemp.merlinmachinet3,0.007315404452397242,0.0,0.0,0.0,0.0,0.0,0.0,0.0
imgcontent.3lau-awolkobalt_imgtemp.merlinmachinet3,0.004591406260959953,0.0,0.0,0.0,0.0,0.0,0.0,0.0
imgcontent.aboogiewitdahoodie-pressshot_imgtemp.pressshot,0.00950294812847643,0.15559999644756317,0.0,0.520861029624939,0.7499391138553619,0.0,0.0,0.0
imgcontent.adele-hello_imgtemp.achalf,0.0025985937022317334,0.04329114034771919,0.0,0.0,0.0,0.0,0.0,0.0
imgcontent.adele-sendmylove_imgtemp.achalf,0.006577080960970313,0.04506329074501991,0.0,0.0,0.0,0.0,0.0,0.0
imgcontent.adele-sendmylove_imgtemp.achalf8,0.007396043414534857,0.04506329074501991,0.0,0.0,0.0,0.0,0.0,0.0
imgcontent.adele-sendmylove_imgtemp.achalf8gradiant,0.0038335507269430216,0.04011741653084755,0.8574447631835938,0.0,0.0,0.0,0.0,0.01555772963911295
imgcontent.adele_imgtemp.3phones,0.004546262667310085,0.03679325059056282,0.8735429644584656,0.0,0.0,0.0,0.0,0.0
imgcontent.adele_imgtemp.adele-achalf8gradient,0.0029371291194595682,0.09443072974681854,0.0,0.0,0.0,0.0,0.0,0.00353909470140934
imgcontent.adele_imgtemp.avhalf,0.005988074740672259,0.14025317132472992,0.9163507223129272,0.0,0.24414703249931335,0.0,0.0,0.0
imgcontent.alberthammondjr-redbull_imgtemp.merlinmachinet3,0.01748999328742262,0.02227848011534661,0.0,0.0,0.0,0.0,0.0,0.0
imgcontent.badbunny-apple-music-bad-bunny_1200x627_imgtemp.upnext-pressshot,0.01064325228782521,0.0,0.8618107438087463,0.0,0.0,0.0,0.0,0.0
imgcontent.badbunny-apple-music-bad-bunny_800x800_imgtemp.upnext-pressshot,0.003722525812645175,0.0,0.8869426846504211,0.0,0.0,0.0,0.0,0.0
imgcontent.badbunny_apple_music_bad_bunny_1200x627_imgtemp.upnext-pressshot,0.01503020974522732,0.0,0.8618107438087463,0.0,0.0,0.0,0.0,0.0
imgcontent.bb-apple3groupphone_imgtemp.bb-lifestyle,0.006066600725354435,0.0903797447681427,0.0,0.8398769497871399,0.0,0.0,0.7726882696151733,0.0
imgcontent.bb-apple3groupphone_imgtemp.lifestyle,0.00467470769498166,0.0903797447681427,0.0,0.8398770093917847,0.0,0.0,0.7726882100105286,0.0
imgcontent.bb-guyholdingphoneairpod_imgtemp.bb-lifestyle,0.010206220719145613,0.40810126066207886,0.0,0.0,0.0,0.0,0.0,0.0
imgcontent.bb-is-ap-ww-170515-library-new_york-beach-peden_munk-a005007_imgtemp.bb-lifestyle,0.012337498147195508,0.014430379495024681,0.0,0.7858522534370422,0.0,0.0,0.7553292512893677,0.0
imgcontent.bb-library-nashville-skate-park-harkey-004441_imgtemp.bb-lifestyle,0.008636499338934619,0.14025317132472992,0.0,0.5685179829597473,0.1265093833208084,0.0,0.5806562900543213,0.0
imgcontent.bb-library-nashville-skate_park-harkey-004441_imgtemp.bb-lifestyle,0.006536871353684271,0.14025317132472992,0.0,0.5685178637504578,0.0,0.0,0.5806561708450317,0.0
imgcontent.bb-library-new-york-beach-peden-munk-a005007_imgtemp.bb-lifestyle-beach,0.006438860416395422,0.014430379495024681,0.0,0.7858522534370422,0.0,0.0,0.7553292512893677,0.0
imgcontent.bb-library-new_york-surf_lodge-peden_munk-b000613_imgtemp.bblifestyle,0.004617233705806053,0.030126582831144333,0.0,0.7930147647857666,0.0,0.0,0.0,0.0
imgcontent.bb-nashville-bbq-shaughnessey-029337_imgtemp.bb-lifestyle,0.00618933690205523,0.2137552760541439,0.0,0.0,0.0,0.0,0.0,0.0
imgcontent.bb-nashville-bbq-shaughnessey-1029337_imgtemp.bb-lifestyle,0.005856769895001676,0.2137552760541439,0.0,0.0,0.0,0.0,0.0,0.0
imgcontent.bb-nashville-bbq-shaughnessey_1029337_imgtemp.bb-lifestyle,0.008644014195860712,0.2137552760541439,0.0,0.0,0.0,0.0,0.0,0.0
imgcontent.bb-nashville-car-wash-shaughnessey-1001032_imgtemp.bb-lifestyle,0.005436659016808338,0.1695780623704195,0.0,0.0,0.03456971049308777,0.0,0.6681922078132629,0.0
imgcontent.bb-nashville-family-house-witt-002678 _imgtemp.bb-lifestyle,0.004332474798301124,0.013755274005234241,0.0,0.5325860977172852,0.0,0.0,0.0,0.0
imgcontent.bb-nashville-family-house-witt-002678_imgtemp.bb-lifestyle,0.010238239789125428,0.0,0.0,0.751966118812561,0.0,0.0,0.7246077656745911,0.0
imgcontent.bb-nashville-family-house-witt-002678_imgtemp.bb-lifestyle-dance,0.007743901391267491,0.013755274005234241,0.0,0.5325860977172852,0.0,0.0,0.0,0.0
imgcontent.bb-nashville-family-house-witt-002678_imgtemp.bblifestyle,0.004092897069485698,0.013755274005234241,0.0,0.5325860977172852,0.0,0.0,0.0,0.0
imgcontent.bb-nashville-family-house-witt-002678_imgtemp.lifestyle,0.005383788813683243,0.02759493701159954,0.0,0.0,0.0,0.0,0.0,0.0
imgcontent.bb-nashville-venue-harkey-006108_imgtemp.bb-lifestyle,0.004616243921671704,0.3200843967497349,0.0,0.6830488443374634,0.0,0.0,0.6128724813461304,0.0
imgcontent.bb-new-york-beach-peden-munk-a-005007_imgtemp.bb-lifestyle,0.01469350669767743,0.014430379495024681,0.0,0.7858522534370422,0.0,0.0,0.7553292512893677,0.0
imgcontent.bb-new-york-beach-peden-munk-a-005007_imgtemp.bb-lifestyle-beach,0.006696618816281307,0.014430379495024681,0.0,0.7858522534370422,0.0,0.0,0.7553292512893677,0.0
imgcontent.bb-new-york-house-product-pickup-peden-munk-a008938_imgtemp.bb-lifestyle,0.008557135821851615,0.169479605431358,0.0,0.0,0.0,0.0,0.0,0.0
imgcontent.bb-new-york-house_product_pickup-peden-munk-a008938_imgtemp.bb-lifestyle,0.007680948728808709,0.169479605431358,0.0,0.0,0.0,0.0,0.0,0.0
imgcontent.bb-new-york-prospect-park-2-peden-munk-b23367_imgtemp.bb-lifestyle,0.005653080777391271,0.0903797447681427,0.0,0.8398769497871399,0.0,0.0,0.7726881504058838,0.0
imgcontent.bb-new-york-prospect-park-2-peden-munk-b23367_imgtemp.bb-lifestyle-grass,0.004684838160136286,0.07428270252421498,0.0,0.6884520649909973,0.0,0.0,0.0,0.0
imgcontent.bb-new-york-prospect-park-2-peden-munk-b23367_imgtemp.bblifestyle,0.005033716402317409,0.07428270252421498,0.0,0.6884521245956421,0.2451452612876892,0.0,0.0,0.0
imgcontent.bb-new-york-prospect-park-2-peden-munk-b23367_imgtemp.lifestyle,0.006642206477732794,0.07428270252421498,0.0,0.6884520649909973,0.2451452612876892,0.0,0.0,0.0
imgcontent.bb-new-york-prospect-park-peden-munk-a019295_imgtemp.bb-lifestyle,0.00959116907481189,0.0,0.0,0.7519660592079163,0.0,0.0,0.7246077060699463,0.0
imgcontent.bb-new-york-prospect-park-peden-munk-a019295_imgtemp.lifestyle,0.0026919515791639518,0.0,0.0,0.7519660592079163,0.0,0.0,0.7246077060699463,0.0
imgcontent.bb-new-york-surf-lodge-peden-munk-b000593_imgtemp.bb-lifestyle,0.005263658722885514,0.030126582831144333,0.0,0.7930147647857666,0.0,0.0,0.0,0.0
imgcontent.bb-new_york-house-product-pickup-peden-munk-a008938_imgtemp.bb-lifestyle,0.0024271844660194173,0.169479605431358,0.0,0.0,0.0,0.0,0.0,0.0
imgcontent.bb-new_york-house_product_pickup-peden_munk-a008938 _imgtemp.bb-lifestyle,0.0052887875238858415,0.169479605431358,0.0,0.0,0.0,0.0,0.0,0.0
imgcontent.bb-new_york-house_product_pickup-peden_munk-a008938_imgtemp.bb-lifestyle,0.0046049442559379546,0.169479605431358,0.0,0.0,0.0,0.0,0.0,0.0
imgcontent.bb-new_york-house_product_pickup-peden_munk-a008938_imgtemp.bblifestyle,0.006018402885316656,0.169479605431358,0.0,0.0,0.0,0.0,0.0,0.0
imgcontent.bb-new_york-museum-peden-munk-b006593_imgtemp.bb-lifestyle,0.0033305578684429643,0.08751054853200912,0.0,0.6121936440467834,0.0,0.0,0.0,0.0
imgcontent.bb-new_york-museum-peden_munk-b006593_imgtemp.bb-lifestyle,0.007850409635653725,0.08751054853200912,0.0,0.6121936440467834,0.0,0.0,0.0,0.0
imgcontent.bb-new_york-museum-peden_munk-b007142_imgtemp.bb-lifestyle,0.004838024255499984,0.04312236234545708,0.0,0.0,0.0,0.0,0.0,0.0
imgcontent.bbfriendsplayingguitar_imgtemp.applebadge,0.0046270616177689445,0.2913539707660675,0.0,0.0,0.0,0.0,0.0,0.0
imgcontent.bbwomansleeping_imgtemp.applebadge,0.006232976549158451,0.2564511199016124,0.0,0.6460325121879578,0.0,0.0,0.0,0.0
imgcontent.beberexha_imgtemp.pressshot,0.00915175522469608,0.0668666660785675,0.0,0.8115593791007996,0.333028644323349,0.0,0.0,0.061000000685453415
imgcontent.blocboy-drake-lookalive-pressshot_imgtemp.pressshot,0.016217612149039034,0.18806397879961878,0.0,0.0,0.0,0.0,0.6036565899848938,0.0
imgcontent.blondedradio_imgtemp.rschalf,0.007536727998858936,0.02592954959254712,0.0,0.0,0.0,0.0,0.0,0.0
imgcontent.brandicarlile-thejoke_imgtemp.achalf8gradient,0.01300103842159917,0.1994936764240265,0.8508661985397339,0.0,0.0,0.0,0.0,0.013417721726000309
imgcontent.bretteldredge_imgtemp.achalf,0.00716652539107652,0.18494047224521637,0.0,0.0,0.0,0.0,0.0,0.0
imgcontent.bretteldredge_imgtemp.pressshot,0.00926400820618028,0.18494047224521637,0.0,0.0,0.0,0.0,0.0,0.0
imgcontent.browse-cropped-20170623_imgtemp.browsevideo-cropped,0.006814835108386699,0.01827160455286503,0.9179019331932068,0.0,0.0,0.0,0.0,0.030342934653162956
imgcontent.browse-cropped-20170630_imgtemp.browsevideo-cropped,0.007321439552855805,0.19330589473247528,0.9025036096572876,0.0,0.0,0.0,0.0,0.0
imgcontent.brunomars-pressshot_imgtemp.pressshot,0.02800405268490375,0.04284382238984108,0.0,0.0,0.7284277081489563,0.0,0.0,0.0
imgcontent.brunomars-thatswhatilike_imgtemp.achalf,0.006477824338739546,0.028776371851563454,0.0,0.0,0.0,0.0,0.0,0.0
imgcontent.brunomars-thatswhatilike_imgtemp.achalf8,0.0058916359810625984,0.028776371851563454,0.0,0.0,0.41437384486198425,0.0,0.0,0.0
imgcontent.brunomars-thatswhatilike_imgtemp.achalf8gradient-amiconget3mosfreef,0.006044185077115465,0.02598290517926216,0.8862454891204834,0.0,0.4507526457309723,0.0,0.0,0.0733333316942056
imgcontent.brunomars_imgtemp.3phones,0.003982192234191337,0.008776371367275715,0.0,0.0,0.0,0.0,0.0,0.0
imgcontent.brunomars_imgtemp.avhalf,0.008332408567034988,0.028776371851563454,0.0,0.0,0.41437384486198425,0.0,0.0,0.0
imgcontent.brunomarscardib-finesse_imgtemp.achalf8gradient,0.012241407329630522,0.010548523627221584,0.8640207648277283,0.0,0.0,0.6575467586517334,0.0,0.016962025314569473
imgcontent.bts-video_imgtemp.artist-video,0.04147702699919682,0.14133332669734955,0.0,0.0,0.0,0.0,0.0,0.0
imgcontent.camilacabello-neverbethesame_imgtemp.achalf8gradiant,0.029899432616074407,0.0,0.0,0.0,0.7379955500364304,0.0,0.0,0.017299577593803406
imgcontent.camilacabello-neverbethesame_imgtemp.achalf8gradient,0.010557388435492273,0.0,0.0,0.0,0.7379955500364304,0.0,0.0,0.017299577593803406
imgcontent.cardib-bartiercardi_imgtemp.achalf8gradient,0.005767950898469275,0.07616033917292953,0.0,0.0,0.0,0.719336748123169,0.0,0.0
imgcontent.cardib-pressshot_imgtemp.pressshot,0.023960149439601494,0.04448888823390007,0.0,0.6217036247253418,0.0,0.0,0.0,0.0
imgcontent.cardibbrunomars-finesse_imgtemp.achalf8gradient,0.014095442393583813,0.010548523627221584,0.8640207648277283,0.0,0.0,0.6575467586517334,0.0,0.016962025314569473
imgcontent.charlieputh-doneforme_imgtemp.achalf8gradient,0.003956018383850137,0.009873418137431145,0.947789192199707,0.0,0.0,0.6823596954345703,0.0,0.053924049250781536
imgcontent.chiquisrivera-entrebotellas_imgtemp.merlinmachinet3,0.022927906389274822,0.18968254327774048,0.0,0.8152356147766113,0.0,0.0,0.0,0.0
imgcontent.chrisstapleton_imgtemp.avhalf,0.005891526598509791,0.0014345991658046842,0.941908597946167,0.0,0.38193096220493317,0.0,0.0,0.0
imgcontent.csws-testimonial_imgtemp.video,0.013862148633038121,0.1473015882074833,0.0,0.0,0.0,0.0,0.0,0.0
imgcontent.csws-watchnow_imgtemp.video,0.018371704557656056,0.0,0.0,0.0,0.0,0.0,0.6838093996047974,0.0
imgcontent.demilovato-tellmeyouloveme_imgtemp.achalf,0.007312974094205641,0.13532289862632751,0.0,0.0,0.0,0.6583676338195801,0.0,0.0
imgcontent.demilovato-youdontdoit_imgtemp.achalf,0.006793718016587259,0.13581213355064392,0.0,0.0,0.0,0.6874764561653137,0.0,0.0
imgcontent.demilovato-youdontdoit_imgtemp.achalf8,0.007002996306877569,0.10827004164457321,0.0,0.0,0.0,0.7077866196632385,0.0,0.0
imgcontent.demilovato-youdontdoit_imgtemp.achalf8gradient,0.006866499954306413,0.10818565636873245,0.8984367847442627,0.0,0.0,0.7702939510345459,0.0,0.013924051076173782
imgcontent.demilovato_imgtemp.achalf,0.009176556955830173,0.0,0.8660154938697815,0.5322086811065674,0.0,0.0,0.0,0.012133072130382061
imgcontent.demilovato_imgtemp.achalf8gradient,0.005814502671102761,0.10818565636873245,0.8984367847442627,0.0,0.0,0.7702939510345459,0.0,0.013924051076173782
imgcontent.djkhaled-topoff-pressshot_imgtemp.pressshot,0.018125131453598425,0.023666666820645332,0.0,0.0,0.0,0.0,0.6081244945526123,0.047183333430439234
imgcontent.drake-donotdisturb_imgtemp.achalf8gradient,0.0064928500016849956,0.17139241099357605,0.8903096318244934,0.0,0.0,0.0,0.0,0.013755274005234241
imgcontent.drake_imgtemp.achalf,0.00485375238997532,0.17004218697547913,0.0,0.0,0.0,0.0,0.0,0.0
imgcontent.dram-pressshotv2_imgtemp.pressshot,0.00799569979170866,0.3886488974094391,0.0,0.0,0.0,0.0,0.6582903265953064,0.0
imgcontent.durandjonestheindication-deadoceans_imgtemp.merlinmachinet3,0.03550391920974745,0.02151111140847206,0.0,0.0,0.0,0.0,0.5869891047477722,0.0
imgcontent.edsheeran_imgtemp.3phones,0.005123011501605013,0.0,0.8603262305259705,0.0,0.0,0.0,0.0,0.011223629117012024
imgcontent.edsheeran_imgtemp.avhalf,0.006010998060072971,0.028860758990049362,0.8893862366676331,0.0,0.0,0.0,0.0,0.0
imgcontent.familymotherfatherstreaming-1200x627-everygreen - ad51_imgtemp.lifestyle-canvas,0.004634227077126779,0.013670885935425758,0.0,0.6962118744850159,0.0,0.0,0.0,0.0
imgcontent.fifthharmony_imgtemp.achalf,0.01136842950971137,0.0,0.9192930459976196,0.0,0.10331856831908226,0.0,0.0,0.0
imgcontent.foofighters-1_imgtemp.pressshot,0.005137466139427717,0.2529999911785126,0.0,0.0,0.09883160889148712,0.0,0.8513352870941162,0.0
imgcontent.foofighters-2_imgtemp.pressshot,0.0066050198150594455,0.2988666594028473,0.0,0.0,0.0,0.0,0.0,0.0
imgcontent.g-eazy-halsey-himandi_imgtemp.achalf8gradient,0.007347667342799189,0.1908016949892044,0.0,0.0,0.0,0.7357863187789917,0.0,0.013586497865617275
imgcontent.gdragon-palette_imgtemp.achalf,0.007297970808116768,0.0,0.0,0.0,0.0,0.0,0.0,0.0
imgcontent.geazy-beautifulanddamned-notes_imgtemp.geazy-notescampaign,0.006149448931424983,0.13924050641556582,0.8758715987205505,0.0,0.0,0.0,0.0,0.0
imgcontent.geazy-beautifulanddamned-notes_imgtemp.notescampaign,0.006764601948609218,0.13924050641556582,0.8758715987205505,0.0,0.0,0.0,0.0,0.0
imgcontent.geazy-beautifulanddamned_imgtemp.achalf8gradient,0.0064517048694263885,0.1928270012140274,0.0,0.0,0.0,0.7395127415657043,0.0,0.013586497865617275
imgcontent.geazy_imgtemp.achalf8gradient,0.007892401811983375,0.1908016949892044,0.0,0.0,0.0,0.6610115766525269,0.0,0.013586497865617275
imgcontent.geazycharlieputh-sober_imgtemp.achalf8gradient,0.007387412984798977,0.1928270012140274,0.0,0.0,0.0,0.7395127415657043,0.0,0.013586497865617275
imgcontent.gengahr-awalkobalt_imgtemp.merlinmachinet3,0.047040393147811346,0.0,0.0,0.0,0.0,0.0,0.6224051117897034,0.0
imgcontent.guccimane-pressshot_imgtemp.pressshot,0.008013527104016465,0.7633663415908813,0.0,0.0,0.0,0.0,0.0,0.0
imgcontent.guycolor1_imgtemp.lifestyle-logo,0.006228488176051813,0.06801687926054001,0.0,0.0,0.0,0.0,0.634616494178772,0.0
imgcontent.gwenstefani-youmakeitfeellikechristmas_imgtemp.achalf8gradient,0.003984805023645244,0.013248945586383343,0.8953116536140442,0.0,0.0,0.0,0.0,0.0
imgcontent.halsey-pressshot_imgtemp.pressshot,0.007096624461693185,0.0,0.0,0.6015848517417908,0.0,0.0,0.0,0.0
imgcontent.harrystyles_imgtemp.avhalf,0.005702699277658091,0.02047819954653581,0.8998563289642334,0.0,0.0,0.0,0.0,0.0
imgcontent.hotsnakes-subpop_imgtemp.merlinmachinet3,0.008674860171508997,0.03801587224006653,0.0,0.0,0.0,0.0,0.8571271300315857,0.0
imgcontent.jasonaldean-youmakeiteasy_imgtemp.achalf8gradient,0.009698825931597753,0.0,0.9087138772010803,0.0,0.15432225167751312,0.7112166285514832,0.0,0.07898734509944916
imgcontent.jayz-444_imgtemp.artist-video,0.03613419653284051,0.45420634746551514,0.0,0.0,0.0,0.0,0.0,0.0
imgcontent.jayz-kill30sec_imgtemp.artist-video,0.0517199035250308,0.45420634746551514,0.0,0.0,0.0,0.0,0.0,0.0
imgcontent.jbalvin_imgtemp.achalf8gradient,0.005504313134258304,0.008354430086910725,0.9127142429351807,0.0,0.0,0.7628258466720581,0.0,0.08042193949222565
imgcontent.juanes-lacamisanegra_imgtemp.achalf8gradient,0.009812470065211784,0.06472574174404144,0.0,0.0,0.5477205812931061,0.0,0.0,0.015611814334988594
imgcontent.juanes_imgtemp.avhalfwide8gradient,0.012271438349467097,0.0,0.0,0.0,0.0,0.0,0.0,0.0023931623436510563
imgcontent.juanluisguerra-cuandomeenarmoro_imgtemp.achalf8gradient,0.013885410374648261,0.0,0.906777024269104,0.0,0.14101797342300415,0.0,0.0,0.013924051076173782
imgcontent.justintimberlake-albumcover-manofthewoods_imgtemp.pressshot,0.0026821114825468398,0.0,0.8951852917671204,0.0,0.0,0.0,0.0,0.0
imgcontent.justintimberlake-filthy_imgtemp.pressshot,0.012805029109376935,0.0846666656434536,0.0,0.0,0.0,0.0,0.0,0.0
imgcontent.justintimberlake-manofthewoods_imgtemp.pressshot,0.0029328569301771625,0.03136666608043015,0.0,0.0,0.0,0.0,0.0,0.0
imgcontent.justintimberlake-pressshot-filthy_imgtemp.pressshot,0.010497769224039891,0.0,0.0,0.0,0.0,0.0,0.0,0.0
imgcontent.justintimberlake-pressshot-manofthewoods_imgtemp.pressshot,0.009847400216503125,0.03136666608043015,0.0,0.0,0.0,0.0,0.0,0.0
imgcontent.justintimberlake-supplies_imgtemp.pressshot,0.013501981942303457,0.0,0.8951852917671204,0.0,0.0,0.0,0.0,0.0
imgcontent.justintimberlake_imgtemp.achalf8gradient,0.00625774970785274,0.003913894295692444,0.8924161195755005,0.0,0.0,0.0,0.0,0.01594911888241768
imgcontent.justintimberlakeachalf_imgtemp.achalf8gradient,0.004805671985949336,0.009955555200576782,0.8851522207260132,0.0,0.0,0.0,0.0,0.006266666343435645
imgcontent.kanyewest_imgtemp.3phones,0.005889740393077149,0.01713080145418644,0.9146447777748108,0.0,0.0,0.0,0.0,0.0
imgcontent.kanyewest_imgtemp.avhalf8gradient,0.0075336039609478775,0.030085470527410507,0.8854506611824036,0.0,0.0,0.0,0.0,0.0025641026441007853
imgcontent.kasbo-ninjatune_imgtemp.merlinmachinet3,0.006328763788849426,0.10261904448270798,0.0,0.0,0.0,0.0,0.0,0.0
imgcontent.katyperry-pressshot_imgtemp.pressshot,0.006895618731036082,0.10026666522026062,0.0,0.0,0.0,0.0,0.0,0.0
imgcontent.katyperry-roar_imgtemp.achalf,0.0015830261437811072,0.0,0.0,0.0,0.0,0.0,0.0,0.0
imgcontent.katyperry_imgtemp.3phones,0.005984779655083312,0.0,0.9001021385192871,0.0,0.0,0.0,0.0,0.0
imgcontent.katyperry_imgtemp.avhalf,0.007558674847621681,0.0077637131325900555,0.9352324604988098,0.0,0.0,0.0,0.0,0.0
imgcontent.kehlani-distraction_imgtemp.achalf,0.009702303831777092,0.0022504893131554127,0.8855444192886353,0.0,0.0,0.0,0.0,0.0
imgcontent.kehlani-distraction_imgtemp.achalf8gradient,0.006956339357499912,0.0,0.9027215242385864,0.0,0.21607346832752228,0.6701364517211914,0.0,0.01230769231915474
imgcontent.kehlani-distractoin_imgtemp.achalf8gradient,0.00775470480451379,0.0,0.9027215242385864,0.0,0.21607346832752228,0.6701366305351257,0.0,0.01230769231915474
imgcontent.kehlani-pressshot_imgtemp.pressshot,0.016211293503348795,0.20213332772254944,0.0,0.8608883023262024,0.0,0.0,0.0,0.0
imgcontent.kehlani_imgtemp.achalf,0.00815778990626713,0.0022504893131554127,0.8855444192886353,0.0,0.0,0.0,0.0,0.0
imgcontent.kellyclarkson_imgtemp.achalf,0.023360938578329882,0.01578059047460556,0.0,0.0,0.0,0.0,0.0,0.0
imgcontent.kelseaballerini-legends_imgtemp.achalf,0.008069501570214554,0.0,0.0,0.0,0.2471836507320404,0.0,0.0,0.0
imgcontent.kendrick-dna_imgtemp.achalf8,0.0059962761207976575,0.0,0.0,0.0,0.0,0.66276615858078,0.0,0.0
imgcontent.kendricklamar-dna_imgtemp.achalf,0.008295912181775228,0.0,0.0,0.0,0.0,0.7299723029136658,0.0,0.0
imgcontent.kendricklamar-dna_imgtemp.achalf8,0.007219813743338476,0.0,0.0,0.0,0.0,0.66276615858078,0.0,0.0
imgcontent.kendricklamar-dna_imgtemp.achalf8gradient,0.005030466363645253,0.0,0.0,0.0,0.0,0.7129215598106384,0.0,0.0043347051832824945
imgcontent.kendricklamar-dna_imgtemp.achalf8gradient-get3mosfree,0.0062404694026387325,0.0,0.860261857509613,0.0,0.0,0.0,0.0,0.0390313391884168
imgcontent.kendricklamar-dna_imgtemp.avhalf,0.008276667600125418,0.008270042017102242,0.8826975226402283,0.0,0.0,0.0,0.0,0.0
imgcontent.kendricklamar-humble_imgtemp.achalf8gradient-get3mosfree,0.0061295173859545185,0.0,0.8602619171142578,0.0,0.0,0.0,0.0,0.0390313391884168
imgcontent.kendricklamar-humble_imgtemp.achalf8gradientcta-get3mosfree,0.007605668591188367,0.0,0.860261857509613,0.0,0.0,0.0,0.0,0.0390313391884168
imgcontent.kendricklamar-humblecollectors_imgtemp.achalf8gradiant,0.016054526942946568,0.05358649790287018,0.8920837640762329,0.0,0.0,0.7467939257621765,0.0,0.012489451095461845
imgcontent.kendricklamar-humblecollectors_imgtemp.achalf8gradient,0.007018885967009323,0.05358649790287018,0.8920837640762329,0.0,0.0,0.7467939257621765,0.0,0.012489451095461845
imgcontent.kendricklamar-love_imgtemp.holidayhandnote,0.01212399100030923,0.0,0.0,0.0,0.0,0.0,0.0,0.0
imgcontent.kendricklamar_imgtemp.3phones,0.00480436033877201,0.0,0.887529730796814,0.0,0.07988104224205017,0.0,0.0,0.0
imgcontent.kerokerobonito-awalkobalt_imgtemp.merlinmachinet3,0.030845561851970998,0.12811111379414797,0.0,0.5309654474258423,0.24999657273292542,0.0,0.7273336052894592,0.0
imgcontent.kodakblack_imgtemp.achalf,0.009386246474078397,0.03111545881256461,0.0,0.0,0.0,0.7752073407173157,0.0,0.0
imgcontent.kyle-pressshot_imgtemp.pressshot,0.007887852548046723,0.32686665654182434,0.0,0.0,0.0,0.0,0.512260913848877,0.0
imgcontent.ladyantebellum-needyounow_imgtemp.achalf,0.004544912678071169,0.1050632894039154,0.8567755222320557,0.0,0.0,0.7464333176612854,0.0,0.0
imgcontent.ladyantebellum_imgtemp.avhalf,0.008220645334047396,0.03355836837242047,0.8988170027732849,0.0,0.0,0.0,0.0,0.0
imgcontent.ladygaga-millionreasons_imgtemp.achalf,0.0060724827018919045,0.0,0.0,0.0,0.5120428651571274,0.0,0.0,0.0
imgcontent.ladygaga-millionreasons_imgtemp.achalf8gradiant,0.007741920285648422,0.0,0.0,0.0,0.4954811632633209,0.0,0.0,0.01477495115250349
imgcontent.ladygaga-pokerface_imgtemp.holidayhand,0.008510004645053462,0.10801687836647034,0.0,0.0,0.0,0.0,0.0,0.0
imgcontent.ladygaga_imgtemp.3phones,0.004706835521175937,0.013248945586383343,0.8554438352584839,0.0,0.4486871212720871,0.0,0.0,0.0
imgcontent.lal1tea-skatesquare_imgtemp.lifestyle,0.0021580136647457583,0.11568889021873474,0.0,0.0,0.0,0.0,0.6830601692199707,0.0
imgcontent.laltea-guycolor1_imgtemp.lifestyle-logo,0.008009672931123755,0.06801687926054001,0.0,0.0,0.0,0.0,0.634616494178772,0.0
imgcontent.lanadelray-lustforlife_imgtemp.achalf,0.003952450142664629,0.007468354422599077,0.0,0.0,0.0,0.0,0.0,0.0
imgcontent.liampayneritaora-foryou_imgtemp.achalf8gradient,0.0031798422154242474,0.0664134994149208,0.914300262928009,0.0,0.14314326643943787,0.0,0.0,0.013670885935425758
imgcontent.lifestyle-friends-evergreen_imgtemp.lifestyle-logo,0.006676741199301535,0.09949366841465235,0.0,0.7419437170028687,0.0,0.0,0.622018575668335,0.0
imgcontent.lifestyle-guycolor-evergreen_imgtemp.lifestyle-nologo,0.0062148573837465205,0.0762869194149971,0.0,0.0,0.0,0.0,0.6419376134872437,0.0
imgcontent.lifestyle-guycolor_imgtemp.lifestyle-nologo,0.009272290273072133,0.0762869194149971,0.0,0.0,0.0,0.0,0.6419376730918884,0.0
imgcontent.lifestyle-maroonsweater-evergreen_imgtemp.lifestyle-logo,0.006601875353437052,0.04776371270418167,0.0,0.0,0.0,0.0,0.0,0.0
imgcontent.lifestyle-yellowwall_imgtemp.lifestyle-nologo,0.009243880523865277,0.028804500587284565,0.0,0.662098228931427,0.0,0.0,0.7101047039031982,0.0
imgcontent.lifestyle-yellowwall_imgtemp.lifestyle-nologo-canvas,0.010256038121500187,0.028804500587284565,0.0,0.662098228931427,0.0,0.0,0.7101047039031982,0.0
imgcontent.lifestyle_imgtemp.bb-library-nashville-skate_park-harkey-004441,0.009807374085055304,0.14025317132472992,0.0,0.5685178637504578,0.1265093833208084,0.0,0.5806561708450317,0.0
imgcontent.lifestyle_imgtemp.bb-new-york-prospect-park-peden-munk-a019295,0.008043662568885121,0.0,0.0,0.751966118812561,0.0,0.0,0.7246077656745911,0.0
imgcontent.lildicky-freakyfriday_imgtemp.achalf8gradient,0.005212832504244735,0.0,0.8702811002731323,0.0,0.0,0.6923640966415405,0.0,0.053586496971547604
imgcontent.lilyachty-coldplay_imgtemp.lilyachty-video,0.003844787283777466,0.05417777597904205,0.0,0.0,0.2952016592025757,0.0,0.0,0.0
imgcontent.lilyachty-rosewood-am-lilyachty_imgtemp.lilyachty-video,0.056837735034017685,0.029206348583102226,0.0,0.0,0.42704813182353973,0.0,0.0,0.0
imgcontent.logic-overnight_imgtemp.achalf8gradient,0.006421177800736856,0.0,0.8892132043838501,0.0,0.0,0.864024817943573,0.0,0.01713080145418644
imgcontent.lucydacus-matador_imgtemp.merlinmachinet3,0.016192847722479062,0.4150210916996002,0.0,0.8837797045707703,0.0,0.0,0.7331521511077881,0.0
imgcontent.luisfonsi-pressshot_imgtemp.pressshot,0.0372202726802048,0.0,0.0,0.0,0.0,0.0,0.0,0.0
imgcontent.macklemore-glorious_imgtemp.achalf8gradient,0.004541370182383369,0.0,0.8848960995674133,0.0,0.0,0.0,0.0,0.0
imgcontent.maluma-23_imgtemp.achalf8gradient,0.006201344730100564,0.14379747211933136,0.0,0.0,0.0,0.8248173594474792,0.0,0.013755274005234241
imgcontent.maroon5-asaprocky_imgtemp.achalf,0.006112728234982799,0.0,0.8717209100723267,0.0,0.052045238018035886,0.0,0.0,0.013417721726000309
imgcontent.meghantrainor-noexcuses_imgtemp.achalf8gradient,0.019942861897761628,0.0,0.8705942034721375,0.0,0.0,0.6967958807945251,0.0,0.013670885935425758
imgcontent.michaelbuble-christmas_imgtemp.achalf8gradient,0.008323333904729254,0.022531644790433347,0.883995532989502,0.0,0.0,0.0,0.0,0.0
imgcontent.migos-badandboujee_imgtemp.avhalf,0.006121497558437903,0.08021097211167216,0.0,0.0,0.3946385085582733,0.0,0.0,0.0
imgcontent.migos-toohotty_imgtemp.achalf,0.0049960884716592,0.03111545881256461,0.0,0.0,0.0,0.7752073407173157,0.0,0.0
imgcontent.migos_imgtemp.achalf,0.004229660817691597,0.08021097211167216,0.0,0.0,0.3946385085582733,0.0,0.0,0.0
imgcontent.mileycyrus-youngernow_imgtemp.achalf8,0.0066221739355372755,0.0,0.0,0.0,0.0,0.0,0.0,0.0
imgcontent.mileycyrus-youngernow_imgtemp.achalf8gradient,0.005900716336371492,0.0,0.8899679780006409,0.0,0.0,0.7671412229537964,0.0,0.0
imgcontent.motorhead_imgtemp.achalf8gradient,0.00610311866692931,0.010253164684399962,0.8945626020431519,0.0,0.12773819267749786,0.7391074299812317,0.0,0.09637130796909332
imgcontent.nashville-bbq-shaughnessey-1029337_imgtemp.lifestyle,0.007697886357877446,0.2469666637480259,0.0,0.0,0.0,0.0,0.0,0.0
imgcontent.nashville-car-wash-shaughnessey-1001032_imgtemp.lifestyle,0.005868853943862426,0.13299578428268433,0.0,0.0,0.03508735001087189,0.0,0.7212616205215454,0.0
imgcontent.nashville-car_wash-shaughnessey-1001032_imgtemp.lifestyle,0.002849679411066255,0.15213333070278168,0.0,0.5937575101852417,0.03143597841262817,0.0,0.7586660385131836,0.0
imgcontent.nashville-family-house-witt-002678_imgtemp.lifestyle,0.005321629749430035,0.013755274005234241,0.0,0.5325860381126404,0.0,0.0,0.0,0.0
imgcontent.nashville-family_house-witt-002678_imgtemp.lifestyle,0.006593143131143611,0.008666666923090816,0.0,0.7465607523918152,0.0,0.0,0.0,0.0
imgcontent.new-york-house-apple-tv-peden-munk-a009872_imgtemp.lifestyle,0.006070977468117182,0.1419409215450287,0.0,0.5844978094100952,0.0,0.0,0.6812594532966614,0.0
imgcontent.new-york-house-apple-tv-peden_munk-a009872_imgtemp.lifestyle,0.004869584685995746,0.1419409215450287,0.0,0.5844977498054504,0.0,0.0,0.6812595129013062,0.0
imgcontent.new-york-prospect-park-2-peden-munk-b23367_imgtemp.lifestyle,0.00636582594987579,0.085399998507152,0.0,0.866934597492218,0.0,0.0,0.0,0.0
imgcontent.new-york-prospect-park-peden-munk-a019295_imgtemp.lifestyle,0.009192028248469238,0.0,0.0,0.8852104544639587,0.0,0.0,0.7763102054595947,0.0
imgcontent.new-york-surf-lodge-peden-munk-a001931_imgtemp.lifestyle,0.00403157835590268,0.035866668447852135,0.0,0.7629207968711853,0.0,0.0,0.0,0.0
imgcontent.new-york-surf-lodge-peden-munk-b000593_imgtemp.lifestyle,0.008726872477593165,0.0,0.0,0.833844780921936,0.0,0.0,0.5552741885185242,0.0
imgcontent.new-york-surf-lodge-peden-munk-b000602_imgtemp.lifestyle,0.00789775381087852,0.0,0.0,0.7365007400512695,0.0,0.0,0.0,0.0
imgcontent.niallhoran_imgtemp.achalf,0.006684970753252955,0.04426160454750061,0.8875184655189514,0.0,0.0,0.0,0.0,0.07839662581682205
imgcontent.niallhoran_imgtemp.achalf8gradient,0.006819289843375518,0.0,0.0,0.0,0.0,0.0,0.0,0.013839662075042725
imgcontent.nickiminaj_imgtemp.achalfgradient,0.0042804142528370765,0.0,0.8554440140724182,0.0,0.04253376026948293,0.0,0.0,0.004087791545316577
imgcontent.nickiminaj_imgtemp.avhalf8gradient,0.007355672784010699,0.006923076696693897,0.8973888158798218,0.7103086709976196,0.0,0.0,0.0,0.004358974285423756
imgcontent.nickiminaj_imgtemp.avhalfwide8gradient,0.006191817893754228,0.006923076696693897,0.897388776143392,0.7103087504704794,0.0,0.0,0.0,0.004358974285423756
imgcontent.nickyjam-elamante_imgtemp.achalf,0.010087850247446371,0.02088607579935342,0.880309522151947,0.0,0.3832879811525345,0.6703972220420837,0.0,0.0
imgcontent.noahcyrus-imstuck_imgtemp.achalf,0.004590463372428379,0.023483366705477238,0.0,0.0,0.3866654634475708,0.6754748821258545,0.0,0.0
imgcontent.noahcyrus-makemecry_imgtemp.achalf,0.005153431717029749,0.046868883073329926,0.9149418473243713,0.0,0.14216852188110352,0.0,0.0,0.0
imgcontent.parenting12-26-1200x627-everygreen-ad 51_imgtemp.lifestyle-canvas,0.007373113854595336,0.013670885935425758,0.0,0.6962118744850159,0.0,0.0,0.0,0.0
imgcontent.parentingfamilytea-1200x627-everygreen-ad 5_imgtemp.lifestyle-canvas,0.006051624058293195,0.013670885935425758,0.0,0.6962119340896606,0.0,0.0,0.0,0.0
imgcontent.paulgeorge-1080x1080pgsquare3_imgtemp.exclusiveplaylists,0.006355863491714438,0.0,0.0,0.0,0.0,0.0,0.0,0.0
imgcontent.paulgeorge-1200x628-paulgeorge3_imgtemp.exclusiveplaylists,0.015591255228683234,0.06835442781448364,0.0,0.0,0.0,0.0,0.0,0.0
imgcontent.pianosbecometheteeth-epitaph_imgtemp.merlinmachinet3,0.01729261554543418,0.04946666583418846,0.0,0.668682873249054,0.0,0.0,0.8633061051368713,0.0
imgcontent.pink-revenge_imgtemp.achalf8gradient,0.008067281643290696,0.0,0.8891257643699646,0.0,0.0,0.7924845218658447,0.0,0.009295498952269554
imgcontent.pink-whataboutus_imgtemp.achalf,0.009988231975958219,0.0,0.8648484945297241,0.0,0.0,0.723293662071228,0.0,0.0
imgcontent.pink_pink_wyw_appleclip1-1080x1080_imgtemp.press-shot-video,0.03052885449561023,0.14804444462060928,0.0,0.0,0.0,0.0,0.0,0.0
imgcontent.pink_pink_wyw_appleclip1-1080x`080_imgtemp.press-shot-video,0.12025,0.14804444462060928,0.0,0.0,0.0,0.0,0.0,0.0
imgcontent.playboicarti-magnolia_imgtemp.achalf,0.0020352781546811396,0.012524462305009365,0.0,0.0,0.0,0.6794026494026184,0.0,0.0
imgcontent.playboicarti_imgtemp.achalf,0.012992334763534686,0.012524462305009365,0.0,0.0,0.0,0.6794025897979736,0.0,0.0
imgcontent.postmalone_imgtemp.avhalf8gradient,0.0035203683991155694,0.15102563798427582,0.9017706513404846,0.0,0.0,0.0,0.0,0.0025641026441007853
imgcontent.preme-nodefeat_imgtemp.achalf8gradient,0.005586859515007956,0.06316455523483455,0.8822872638702393,0.0,0.18070028722286224,0.6738975644111633,0.0,0.0
imgcontent.preoccupations-jagjaguwar-secretly_imgtemp.merlinmachinet3,0.007853489933442192,0.10440170858055353,0.0,0.0,0.0,0.0,0.0,0.0
imgcontent.prince-iwannabeyourlover_imgtemp.achalf8gradiant,0.011220816933762735,0.025244617834687233,0.0,0.0,0.0,0.0,0.0,0.015753423795104027
imgcontent.prince-iwannabeyourlover_imgtemp.achalfgradiantcta-tryfree3-amicon,0.010497637261994552,0.02054794505238533,0.8562628030776978,0.0,0.0,0.0,0.0,0.07573385536670685
imgcontent.prince-wannabeyourlover_imgtemp.achalf8gradient,0.003842770498634196,0.04894375801086426,0.0,0.0,0.0,0.0,0.0,0.003923182375729084
imgcontent.prince_imgtemp.3phones,0.0035593602162649245,0.006751054897904396,0.9012719392776489,0.0,0.0,0.0,0.0,0.0
imgcontent.remyma_imgtemp.achalf8gradient,0.011322401192597172,0.031054852530360222,0.0,0.0,0.4874372184276581,0.7237908840179443,0.0,0.08042193949222565
imgcontent.richthekid-newfreezer-rap_imgtemp.achalf8gradient,0.004906328331967164,0.0,0.8909708261489868,0.0,0.5199548006057739,0.0,0.0,0.0
imgcontent.richthekid-pressshot_imgtemp.pressshot,0.010482721863885052,0.04046666622161865,0.0,0.7270931005477905,0.0,0.0,0.6372164487838745,0.0
imgcontent.rickymartin-fiebre_imgtemp.achalf8gradient,0.00992274598695471,0.023122362792491913,0.8645104169845581,0.0,0.13129258155822754,0.8560600280761719,0.0,0.01713080145418644
imgcontent.sabrinacarpenter-thumbs_imgtemp.achalf,0.006903898551615348,0.007632093969732523,0.0,0.0,0.0,0.0,0.0,0.0
imgcontent.sabrinacarpenter-why_imgtemp.achalf,0.005779516818034965,0.010567514225840569,0.0,0.0,0.0,0.0,0.0,0.0
imgcontent.sabrinaclaudio-pressshot_imgtemp.achalf8gradient,0.0069610467696448255,0.12729999795556068,0.0,0.8655489087104797,0.0,0.0,0.0,0.0
imgcontent.sabrinaclaudio_imgtemp.achalf8gradient,0.006315807249668589,0.00962025299668312,0.8844631910324097,0.5986229777336121,0.0,0.0,0.0,0.012489451095461845
imgcontent.samsmith-burning_imgtemp.achalf8gradient,0.008045720181877965,0.0,0.9205846190452576,0.0,0.0,0.0,0.0,0.009704641532152891
imgcontent.scottymccreery-seasonschange-country_imgtemp.achalf8gradient,0.007514318012317478,0.0,0.8620362281799316,0.0,0.0,0.6939308643341064,0.0,0.013755274005234241
imgcontent.selenagomez-wolves_imgtemp.achalf8gradiant,0.005629500327296531,0.0,0.8875994682312012,0.0,0.0,0.8923588395118713,0.0,0.01232067495584488
imgcontent.seunkuti-!k7_imgtemp.merlinmachinet3,0.01669943401846887,0.42202532291412354,0.0,0.0,0.4720310568809509,0.0,0.0,0.0
imgcontent.shakira-eldorado_imgtemp.3phones,0.005549841848912347,0.007510548457503319,0.8814541697502136,0.0,0.0,0.0,0.0,0.027341771870851517
imgcontent.shakira-eldorado_imgtemp.achalf,0.01006146264857986,0.0,0.0,0.0,0.0,0.0,0.0,0.0
imgcontent.shakira-eldorado_imgtemp.achalf8,0.009157347891168443,0.03288326288263003,0.0,0.0,0.0,0.6525911092758179,0.0,0.0
imgcontent.shakira-eldorado_imgtemp.achalf8gradient,0.005894966923605534,0.0,0.8929945230484009,0.0,0.0,0.0,0.0,0.013924051076173782
imgcontent.shawnmendes-stitches_imgtemp.achalf8gradient,0.007632069493461861,0.19206750392913818,0.0,0.0,0.0,0.0,0.0,0.012489451095461845
imgcontent.shawnmendes-stitches_imgtemp.holidayhandnote,0.014480845622077111,0.16590717434883118,0.0,0.0,0.0,0.0,0.0,0.0
imgcontent.shawnmendes-theresnothingholdingme_imgtemp.avhalfwide8gradient-amiconget3mosfree,0.007100492076262466,0.13025641441345215,0.8934102058410645,0.0,0.0,0.0,0.0,0.0
imgcontent.shawnmendes_imgtemp.avhalf,0.00632527831019132,0.06970464065670967,0.9039786458015442,0.0,0.0,0.0,0.0,0.0
imgcontent.sia-everydayischristmas_imgtemp.achalf8gradient,0.0039283025969138125,0.015949366614222527,0.0,0.0,0.0,0.0,0.0,0.0
imgcontent.skatepark-bb1_imgtemp.bb-lifestyle,0.0054619189385592725,0.14025317132472992,0.0,0.5685179829597473,0.1265093833208084,0.0,0.5806562900543213,0.0
imgcontent.skatesquare_imgtemp.lifestyle,0.0011604388568767824,0.11568889021873474,0.0,0.0,0.0,0.0,0.6830601692199707,0.0
imgcontent.skimasktheslumpgod-pressshot_imgtemp.pressshot,0.008740943826536687,0.21057746931910515,0.0,0.0,0.4275287836790085,0.0,0.0,0.005040322430431843
imgcontent.smokepurpp-pressshot_imgtemp.pressshot,0.008152842009299588,0.19520249217748642,0.0,0.0,0.0,0.0,0.0,0.0
imgcontent.sobxrbe-empire_imgtemp.merlinmachinet3,0.008022154304257338,0.22247408082087836,0.0,0.0,0.0,0.0,0.6276288032531738,0.0
imgcontent.superorganism-domino_imgtemp.merlinmachinet3,0.006515766982084576,0.011392404965590686,0.0,0.6711055636405945,0.031045153737068176,0.0,0.8198057413101196,0.0
imgcontent.sza-pressshot_imgtemp.pressshot,0.010004275331338179,0.0,0.0,0.8121837377548218,0.0,0.0,0.0,0.0
imgcontent.taylorswift-ac_imgtemp.achalf,0.008273137000679139,0.025342466309666634,0.9064279794692993,0.0,0.0,0.7172930240631104,0.0,0.0
imgcontent.taylorswift-callitwhatyouwant_imgtemp.achalf8gradiant,0.0056986196410827375,0.02329113893210888,0.9057522416114807,0.0,0.0,0.8155381679534912,0.0,0.006540084257721901
imgcontent.taylorswift-gorgeous_imgtemp.achalf8gradient,0.004605323875697127,0.022616034373641014,0.9162988662719727,0.5033639073371887,0.0,0.7993625998497009,0.0,0.0066244727349840105
imgcontent.taylorswift-lookwhatyoumademedo_imgtemp.achalf,0.022264879118214606,0.02548523247241974,0.9082005023956299,0.0,0.0,0.6947892904281616,0.0,0.0
imgcontent.taylorswift-pressshot_imgtemp.pressshot,0.007188827197060211,0.11682539712637663,0.0,0.5806533098220825,0.0,0.0,0.0,0.0
imgcontent.taylorswift-readyforit_imgtemp.achalf,0.015339399115420033,0.026410255581140518,0.8974501490592957,0.0,0.0,0.7262862920761108,0.0,0.0
imgcontent.taylorswift-readyforit_imgtemp.achalf8,0.006461936119145794,0.02320675179362297,0.9076295495033264,0.0,0.0,0.6843931078910828,0.0,0.0
imgcontent.taylorswift_imgtemp.avhalf,0.005807389862932585,0.02620253199711442,0.9044721126556396,0.0,0.0,0.0,0.0,0.0
imgcontent.taylorswiftbw2_imgtemp.pressshot,0.0033229174605594086,0.477911114692688,0.0,0.0,0.0,0.0,0.0,0.0
imgcontent.teenagewrist-epitaph_imgtemp.merlinmachinet3,0.023822661693189428,0.10015872865915298,0.0,0.559756338596344,0.15036906798680624,0.0,0.6608487367630005,0.0
imgcontent.theclash-rockthecasbah_imgtemp.achalf8gradient,0.006273704622579633,0.017905982676893473,0.9110466241836548,0.0,0.0,0.6973819732666016,0.0,0.0
imgcontent.thomasrhett_imgtemp.achalf8gradient,0.003454347655417606,0.0,0.8576269745826721,0.0,0.0,0.0,0.0,0.013670885935425758
imgcontent.timeflies-awal_imgtemp.merlinmachinet3,0.007716719998946523,0.01848101243376732,0.0,0.0,0.0,0.0,0.6817412972450256,0.00582278473302722
imgcontent.titusandonicus-merge_imgtemp.merlinmachinet3,0.026560697196338315,0.05299578234553337,0.0,0.0,0.0,0.0,0.0,0.0
imgcontent.travisscott_imgtemp.achalf8gradient,0.006493506493506494,0.0,0.0,0.0,0.0,0.0,0.0,0.0
imgcontent.tysegall-freedomsgoblin_imgtemp.achalf8gradient,0.005129902366374318,0.13341772556304932,0.9021514654159546,0.0,0.0,0.7620481252670288,0.0,0.0064978901646099985
imgcontent.tysegall-freedomsgolbin_imgtemp.achalf8gradient,0.007469532171406106,0.13341772556304932,0.9021514654159546,0.0,0.04733280340830485,0.7620481252670288,0.0,0.0064978901646099985
imgcontent.u.s.girls-beggars_imgtemp.merlinmachinet3,0.02004862885106645,0.0,0.8853018581867218,0.0,0.0,0.0,0.0,0.0
imgcontent.u2_imgtemp.achalf,0.01819832772123643,0.0,0.864883303642273,0.0,0.0,0.7364263534545898,0.0,0.010958904400467873
imgcontent.u2_imgtemp.achalf8,0.011748159179283528,0.0,0.8552907109260559,0.0,0.0,0.7713785171508789,0.0,0.011476793326437473
imgcontent.untiltheribbonbreaks-awalkobalt_imgtemp.merlinmachinet3,0.02083357703510475,0.0,0.0,0.0,0.0,0.0,0.0,0.0
imgcontent.weweresharks-victory_imgtemp.merlinmachinet3,0.022709559929934488,0.1321825422346592,0.0,0.0,0.07044808814922969,0.0,0.7177251577377319,0.0
imgcontent.whatsonot-ninjatune_imgtemp.merlinmachinet3,0.004945413073765989,0.0,0.0,0.0,0.0,0.0,0.7834892868995667,0.0
imgcontent.yellowclaw-ingrooves_imgtemp.merlinmachinet3,0.03963313870221439,0.08726190263405442,0.0,0.0,0.0,0.0,0.5306074023246765,0.0
imgcontent.yfnlucci-theking_imgtemp.achalf8gradient,0.012497903036403288,0.05957805959042162,0.0,0.0,0.0,0.8220893740653992,0.0,0.01670886017382145
imgcontent.yolatengo-roughtrade_imgtemp.merlinmachinet3,0.017405610816456214,0.652573823928833,0.0,0.0,0.0,0.0,0.0,0.0
imgcontent.youngboyneverbroke-nosmoke_imgtemp.achalf8,0.007883342261890134,0.11780590564012527,0.0,0.0,0.7331111133098602,0.7901458740234375,0.0,0.0
imgcontent.youngboyneverbrokeagain-ainttoolong_imgtemp.achalf8gradient,0.008457828938847962,0.0,0.9286407232284546,0.0,0.0,0.7794790863990784,0.0,0.006526019812251131
imgcontent.youngboyneverbrokeagain_imgtemp.achalf,0.00909934271559126,0.1156555786728859,0.0,0.0,0.7403183877468109,0.7831548452377319,0.0,0.0
imgcontent.youngma_imgtemp.achalf,0.009336445481827277,0.0,0.8631948828697205,0.0,0.0,0.0,0.0,0.0
imgcontent.zayn_imgtemp.achalf,0.00579552411400585,0.0,0.0,0.0,0.03178028017282486,0.7654649019241333,0.0,0.0
imgcontent.zayn_imgtemp.achalf8,0.005619021082938608,0.0,0.0,0.0,0.0,0.765464723110199,0.0,0.0
